"","GEO.id","GEO.id2","GEO.display.label","rescen42010","resbase42010","respop72010","respop72011","respop72012","respop72013","respop72014","respop72015","respop72016","respop72017"
"6664","1620000US2108902",2108902,"Bowling Green city, Kentucky","58067",58930,59238,59835,60718,61987,62741,64126,65539,67067
"6846","1620000US2146027",2146027,"Lexington-Fayette urban county, Kentucky","295803",295805,296702,301368,305303,308591,310886,315055,319052,321959
"6854","1620000US2148006",2148006,"Louisville/Jefferson County metro government (balance), Kentucky","597337",596271,596990,600444,604588,610031,612679,615435,618030,621349
"6912","1620000US2158620",2158620,"Owensboro city, Kentucky","57265",57441,57465,57714,58105,58291,58337,58891,59121,59404
